Loan_ID,Gender,Married,Dependents,Education,Self_Employed,ApplicantIncome,CoapplicantIncome,LoanAmount,Loan_Amount_Term,Credit_History,Property_Area,Loan_Status
LP001327,Female,Yes,0,Graduate,No,2484,2302.0,137.0,360.0,1.0,Semiurban,Y
LP001892,Male,No,0,Graduate,No,2833,1857.0,126.0,360.0,1.0,Rural,Y
LP002370,Male,No,0,Not Graduate,No,2717,0.0,60.0,180.0,1.0,Urban,Y
LP002600,Male,Yes,1,Graduate,Yes,2895,0.0,95.0,360.0,1.0,Semiurban,Y
LP001491,Male,Yes,2,Graduate,Yes,3316,3500.0,88.0,360.0,1.0,Urban,Y
LP002126,Male,Yes,3+,Not Graduate,No,3173,0.0,74.0,360.0,1.0,Semiurban,Y
LP001443,Female,No,0,Graduate,No,3692,0.0,93.0,360.0,,Rural,Y
LP002367,Female,No,1,Not Graduate,No,4606,0.0,81.0,360.0,1.0,Rural,N
LP001528,Male,No,0,Graduate,No,6277,0.0,118.0,360.0,0.0,Rural,N
LP001013,Male,Yes,0,Not Graduate,No,2333,1516.0,95.0,360.0,1.0,Urban,Y
LP001732,Male,Yes,2,Graduate,,5000,0.0,72.0,360.0,0.0,Semiurban,N
LP001630,Male,No,0,Not Graduate,No,2333,1451.0,102.0,480.0,0.0,Urban,N
LP001003,Male,Yes,1,Graduate,No,4583,1508.0,128.0,360.0,1.0,Rural,N
LP001914,Male,Yes,0,Graduate,No,3927,800.0,112.0,360.0,1.0,Semiurban,Y
LP001520,Male,Yes,0,Graduate,No,4860,830.0,125.0,360.0,1.0,Semiurban,Y
LP002141,Male,Yes,3+,Graduate,No,2666,2083.0,95.0,360.0,1.0,Rural,Y
LP001179,Male,Yes,2,Graduate,No,4616,0.0,134.0,360.0,1.0,Urban,N
LP001978,Male,No,0,Graduate,No,4000,2500.0,140.0,360.0,1.0,Rural,Y
LP002055,Female,No,0,Graduate,No,3166,2985.0,132.0,360.0,,Rural,Y
LP002211,Male,Yes,0,Graduate,No,4817,923.0,120.0,180.0,1.0,Urban,Y
LP001900,Male,Yes,1,Graduate,No,2750,1842.0,115.0,360.0,1.0,Semiurban,Y
LP002181,Male,No,0,Not Graduate,No,6216,0.0,133.0,360.0,1.0,Rural,N
LP002390,Male,No,0,Graduate,No,3750,0.0,100.0,360.0,1.0,Urban,Y
LP001736,Male,Yes,0,Graduate,No,2221,0.0,60.0,360.0,0.0,Urban,N
LP001904,Male,Yes,0,Graduate,No,3103,1300.0,80.0,360.0,1.0,Urban,Y
LP001674,Male,Yes,1,Not Graduate,No,2600,2500.0,90.0,360.0,1.0,Semiurban,Y
LP001199,Male,Yes,2,Not Graduate,No,3357,2859.0,144.0,360.0,1.0,Urban,Y
LP002648,Male,Yes,0,Graduate,No,2130,6666.0,70.0,180.0,1.0,Semiurban,N
LP001744,Male,No,0,Graduate,No,2971,2791.0,144.0,360.0,1.0,Semiurban,Y
LP002300,Female,No,0,Not Graduate,No,1963,0.0,53.0,360.0,1.0,Semiurban,Y
LP002266,Male,Yes,2,Graduate,No,3100,1400.0,113.0,360.0,1.0,Urban,Y
LP001027,Male,Yes,2,Graduate,,2500,1840.0,109.0,360.0,1.0,Urban,Y
LP002537,Male,Yes,0,Graduate,No,2083,3150.0,128.0,360.0,1.0,Semiurban,Y
LP002272,Male,Yes,2,Graduate,No,3276,484.0,135.0,360.0,,Semiurban,Y
LP001155,Female,Yes,0,Not Graduate,No,1928,1644.0,100.0,360.0,1.0,Semiurban,Y
LP002585,Male,Yes,0,Graduate,No,3597,2157.0,119.0,360.0,0.0,Rural,N
LP002943,Male,No,,Graduate,No,2987,0.0,88.0,360.0,0.0,Semiurban,N
LP001097,Male,No,1,Graduate,Yes,4692,0.0,106.0,360.0,1.0,Rural,N
LP001807,Male,Yes,2,Graduate,Yes,6250,1300.0,108.0,360.0,1.0,Rural,Y
LP001255,Male,No,0,Graduate,No,3750,0.0,113.0,480.0,1.0,Urban,N
LP002841,Male,Yes,0,Graduate,No,3166,2064.0,104.0,360.0,0.0,Urban,N
LP002086,Female,Yes,0,Graduate,No,4333,2451.0,110.0,360.0,1.0,Urban,N
LP001949,Male,Yes,3+,Graduate,,4416,1250.0,110.0,360.0,1.0,Urban,Y
LP001387,Female,Yes,0,Graduate,,2929,2333.0,139.0,360.0,1.0,Semiurban,Y
LP002974,Male,Yes,0,Graduate,No,3232,1950.0,108.0,360.0,1.0,Rural,Y
LP002043,Female,No,1,Graduate,No,3541,0.0,112.0,360.0,,Semiurban,Y
LP001248,Male,No,0,Graduate,No,3500,0.0,81.0,300.0,1.0,Semiurban,Y
LP001029,Male,No,0,Graduate,No,1853,2840.0,114.0,360.0,1.0,Rural,N
LP001036,Female,No,0,Graduate,No,3510,0.0,76.0,360.0,0.0,Urban,N
LP001702,Male,No,0,Graduate,No,3418,0.0,127.0,360.0,1.0,Semiurban,N
LP002840,Female,No,0,Graduate,No,2378,0.0,9.0,360.0,1.0,Urban,N
LP001883,Female,No,0,Graduate,,3418,0.0,135.0,360.0,1.0,Rural,N
LP002777,Male,Yes,0,Graduate,No,2785,2016.0,110.0,360.0,1.0,Rural,Y
LP001560,Male,Yes,0,Not Graduate,No,1863,1041.0,98.0,360.0,1.0,Semiurban,Y
LP001778,Male,Yes,1,Graduate,No,3155,1779.0,140.0,360.0,1.0,Semiurban,Y
LP002128,Male,Yes,2,Graduate,,2583,2330.0,125.0,360.0,1.0,Rural,Y
LP001431,Female,No,0,Graduate,No,2137,8980.0,137.0,360.0,0.0,Semiurban,Y
LP002348,Male,Yes,0,Graduate,No,5829,0.0,138.0,360.0,1.0,Rural,Y
LP002446,Male,Yes,2,Not Graduate,No,2309,1255.0,125.0,360.0,0.0,Rural,N
LP001581,Male,Yes,0,Not Graduate,,1820,1769.0,95.0,360.0,1.0,Rural,Y
LP001993,Female,No,0,Graduate,No,3762,1666.0,135.0,360.0,1.0,Rural,Y
LP001087,Female,No,2,Graduate,,3750,2083.0,120.0,360.0,1.0,Semiurban,Y
LP001565,Male,Yes,1,Graduate,No,3089,1280.0,121.0,360.0,0.0,Semiurban,N
LP001750,Male,Yes,0,Graduate,No,6250,0.0,128.0,360.0,1.0,Semiurban,Y
LP001894,Male,Yes,0,Graduate,No,2620,2223.0,150.0,360.0,1.0,Semiurban,Y
LP001877,Male,Yes,2,Graduate,No,4708,1387.0,150.0,360.0,1.0,Semiurban,Y
LP002925,,No,0,Graduate,No,4750,0.0,94.0,360.0,1.0,Semiurban,Y
LP001994,Female,No,0,Graduate,No,2400,1863.0,104.0,360.0,0.0,Urban,N
LP001726,Male,Yes,0,Graduate,No,3727,1775.0,131.0,360.0,1.0,Semiurban,Y
LP001798,Male,Yes,2,Graduate,No,5819,5000.0,120.0,360.0,1.0,Rural,Y
LP001164,Female,No,0,Graduate,No,4230,0.0,112.0,360.0,1.0,Semiurban,N
LP002002,Female,No,0,Graduate,No,2917,0.0,84.0,360.0,1.0,Semiurban,Y
LP002530,,Yes,2,Graduate,No,2873,1872.0,132.0,360.0,0.0,Semiurban,N
LP001884,Female,No,1,Graduate,No,2876,1560.0,90.0,360.0,1.0,Urban,Y
LP001964,Male,Yes,0,Not Graduate,No,1800,2934.0,93.0,360.0,0.0,Urban,N
LP001606,Male,Yes,0,Graduate,No,3497,1964.0,116.0,360.0,1.0,Rural,Y
LP002898,Male,Yes,1,Graduate,No,1880,0.0,61.0,360.0,,Rural,N
LP001691,Male,Yes,2,Not Graduate,No,3917,0.0,124.0,360.0,1.0,Semiurban,Y
LP001157,Female,No,0,Graduate,No,3086,0.0,120.0,360.0,1.0,Semiurban,Y
LP001643,Male,Yes,0,Graduate,No,2383,2138.0,58.0,360.0,,Rural,Y
LP001068,Male,Yes,0,Graduate,No,2799,2253.0,122.0,360.0,1.0,Semiurban,Y
LP001636,Male,Yes,0,Graduate,No,4600,0.0,73.0,180.0,1.0,Semiurban,Y
LP001280,Male,Yes,2,Not Graduate,No,3333,2000.0,99.0,360.0,,Semiurban,Y
LP002755,Male,Yes,1,Not Graduate,No,2239,2524.0,128.0,360.0,1.0,Urban,Y
LP002682,Male,Yes,,Not Graduate,No,3074,1800.0,123.0,360.0,0.0,Semiurban,N
LP001095,Male,No,0,Graduate,No,3167,0.0,74.0,360.0,1.0,Urban,N
LP002544,Male,Yes,1,Not Graduate,No,1958,2436.0,131.0,360.0,1.0,Rural,Y
LP002489,Female,No,1,Not Graduate,,5191,0.0,132.0,360.0,1.0,Semiurban,Y
LP002689,Male,Yes,2,Not Graduate,No,2192,1742.0,45.0,360.0,1.0,Semiurban,Y
LP002690,Male,No,0,Graduate,No,2500,0.0,55.0,360.0,1.0,Semiurban,Y
LP002429,Male,Yes,1,Graduate,Yes,3466,1210.0,130.0,360.0,1.0,Rural,Y
LP001250,Male,Yes,3+,Not Graduate,No,4755,0.0,95.0,,0.0,Semiurban,N
LP001030,Male,Yes,2,Graduate,No,1299,1086.0,17.0,120.0,1.0,Urban,Y
LP002753,Female,No,1,Graduate,,3652,0.0,95.0,360.0,1.0,Semiurban,Y
LP001532,Male,Yes,2,Not Graduate,No,2281,0.0,113.0,360.0,1.0,Rural,N
LP001120,Male,No,0,Graduate,No,1800,1213.0,47.0,360.0,1.0,Urban,Y
LP001489,Female,Yes,0,Graduate,No,4583,0.0,84.0,360.0,1.0,Rural,N
LP001034,Male,No,1,Not Graduate,No,3596,0.0,100.0,240.0,,Urban,Y
LP001825,Male,Yes,0,Graduate,No,1809,1868.0,90.0,360.0,1.0,Urban,Y
LP001197,Male,Yes,0,Graduate,No,3366,2200.0,135.0,360.0,1.0,Rural,N
LP002234,Male,No,0,Graduate,Yes,7167,0.0,128.0,360.0,1.0,Urban,Y
LP002244,Male,Yes,0,Graduate,No,2333,2417.0,136.0,360.0,1.0,Urban,Y
LP001669,Female,No,0,Not Graduate,No,1907,2365.0,120.0,,1.0,Urban,Y
LP002265,Male,Yes,2,Not Graduate,No,1993,1625.0,113.0,180.0,1.0,Semiurban,Y
LP002807,Male,Yes,2,Not Graduate,No,3675,242.0,108.0,360.0,1.0,Semiurban,Y
LP001241,Female,No,0,Graduate,No,4300,0.0,136.0,360.0,0.0,Semiurban,N
LP002978,Female,No,0,Graduate,No,2900,0.0,71.0,360.0,1.0,Rural,Y
LP001493,Male,Yes,2,Not Graduate,No,4200,1430.0,129.0,360.0,1.0,Rural,N
LP002789,Male,Yes,0,Graduate,No,3593,4266.0,132.0,180.0,0.0,Rural,N
LP001038,Male,Yes,0,Not Graduate,No,4887,0.0,133.0,360.0,1.0,Rural,N
LP002175,Male,Yes,0,Graduate,No,4750,2333.0,130.0,360.0,1.0,Urban,Y
LP001205,Male,Yes,0,Graduate,No,2500,3796.0,120.0,360.0,1.0,Urban,Y
LP002928,Male,Yes,0,Graduate,No,3000,3416.0,56.0,180.0,1.0,Semiurban,Y
LP001367,Male,Yes,1,Graduate,No,3052,1030.0,100.0,360.0,1.0,Urban,Y
LP002792,Male,Yes,1,Graduate,No,5468,1032.0,26.0,360.0,1.0,Semiurban,Y
LP001325,Male,No,0,Not Graduate,No,3620,0.0,25.0,120.0,1.0,Semiurban,Y
LP001868,Male,No,0,Graduate,No,2060,2209.0,134.0,360.0,1.0,Semiurban,Y
LP002239,Male,No,0,Not Graduate,No,2346,1600.0,132.0,360.0,1.0,Semiurban,Y
LP002250,Male,Yes,0,Graduate,No,5488,0.0,125.0,360.0,1.0,Rural,Y
LP001264,Male,Yes,3+,Not Graduate,Yes,3333,2166.0,130.0,360.0,,Semiurban,Y
LP001109,Male,Yes,0,Graduate,No,1828,1330.0,100.0,,0.0,Urban,N
LP002387,Male,Yes,0,Graduate,No,2425,2340.0,143.0,360.0,1.0,Semiurban,Y
LP001945,Female,No,,Graduate,No,5417,0.0,143.0,480.0,0.0,Urban,N
LP001405,Male,Yes,1,Graduate,No,2214,1398.0,85.0,360.0,,Urban,Y
LP001770,Male,No,0,Not Graduate,No,3189,2598.0,120.0,,1.0,Rural,Y
LP001936,Male,Yes,0,Graduate,No,3075,2416.0,139.0,360.0,1.0,Rural,Y
LP002209,Female,No,0,Graduate,,2764,1459.0,110.0,360.0,1.0,Urban,Y
LP001206,Male,Yes,3+,Graduate,No,3029,0.0,99.0,360.0,1.0,Urban,Y
LP002100,Male,No,,Graduate,No,2833,0.0,71.0,360.0,1.0,Urban,Y
LP002236,Male,Yes,2,Graduate,No,4566,0.0,100.0,360.0,1.0,Urban,N
LP002953,Male,Yes,3+,Graduate,No,5703,0.0,128.0,360.0,1.0,Urban,Y
LP001112,Female,Yes,0,Graduate,No,3667,1459.0,144.0,360.0,1.0,Semiurban,Y
LP002187,Male,No,0,Graduate,No,2500,0.0,96.0,480.0,1.0,Semiurban,N
LP002484,Male,Yes,3+,Graduate,No,7740,0.0,128.0,180.0,1.0,Urban,Y
LP001194,Male,Yes,2,Graduate,No,2708,1167.0,97.0,360.0,1.0,Semiurban,Y
LP002940,Male,No,0,Not Graduate,No,3833,0.0,110.0,360.0,1.0,Rural,Y
LP001603,Male,Yes,0,Not Graduate,Yes,4344,736.0,87.0,360.0,1.0,Semiurban,N
LP001743,Male,Yes,2,Graduate,No,4009,1717.0,116.0,360.0,1.0,Semiurban,Y
LP002361,Male,Yes,0,Graduate,No,1820,1719.0,100.0,360.0,1.0,Urban,Y
LP002006,Female,No,0,Graduate,No,2507,0.0,56.0,360.0,1.0,Rural,Y
LP002606,Female,No,0,Graduate,No,3159,0.0,100.0,360.0,1.0,Semiurban,Y
LP002560,Male,No,0,Not Graduate,No,2699,2785.0,96.0,360.0,,Semiurban,Y
LP001616,Male,Yes,1,Graduate,No,3750,0.0,116.0,360.0,1.0,Semiurban,Y
LP002587,Male,Yes,0,Not Graduate,No,2600,1700.0,107.0,360.0,1.0,Rural,Y
LP002738,Male,No,2,Graduate,No,3617,0.0,107.0,360.0,1.0,Semiurban,Y
LP002205,Male,No,1,Graduate,No,3062,1987.0,111.0,180.0,0.0,Urban,N
LP001024,Male,Yes,2,Graduate,No,3200,700.0,70.0,360.0,1.0,Urban,Y
LP002314,Female,No,0,Not Graduate,No,2213,0.0,66.0,360.0,1.0,Rural,Y
LP002757,Female,Yes,0,Not Graduate,No,3017,663.0,102.0,360.0,,Semiurban,Y
LP002158,Male,Yes,0,Not Graduate,No,3000,1666.0,100.0,480.0,0.0,Urban,N
LP002284,Male,No,0,Not Graduate,No,3902,1666.0,109.0,360.0,1.0,Rural,Y
LP002288,Male,Yes,2,Not Graduate,No,2889,0.0,45.0,180.0,0.0,Urban,N
LP002794,Female,No,0,Graduate,No,2667,1625.0,84.0,360.0,,Urban,Y
LP002443,Male,Yes,2,Graduate,No,3340,1710.0,150.0,360.0,0.0,Rural,N
LP002556,Male,No,0,Graduate,No,2435,0.0,75.0,360.0,1.0,Urban,N
LP001333,Male,Yes,0,Graduate,No,1977,997.0,50.0,360.0,1.0,Semiurban,Y
LP001938,Male,Yes,2,Graduate,No,4400,0.0,127.0,360.0,0.0,Semiurban,N
LP001345,Male,Yes,2,Not Graduate,No,4288,3263.0,133.0,180.0,1.0,Urban,Y
LP001974,Female,No,0,Graduate,No,5000,0.0,132.0,360.0,1.0,Rural,Y
LP002472,Male,No,2,Graduate,No,4354,0.0,136.0,360.0,1.0,Rural,Y
LP002772,Male,No,0,Graduate,No,2526,1783.0,145.0,360.0,1.0,Rural,Y
LP001715,Male,Yes,3+,Not Graduate,Yes,5703,0.0,130.0,360.0,1.0,Rural,Y
LP001608,Male,Yes,2,Graduate,No,2045,1619.0,101.0,360.0,1.0,Rural,Y
LP001915,Male,Yes,2,Graduate,No,2301,985.7999877999998,78.0,180.0,1.0,Urban,Y
LP002836,Male,No,0,Graduate,No,3333,0.0,70.0,360.0,1.0,Urban,Y
LP001664,Male,No,0,Graduate,No,4191,0.0,120.0,360.0,1.0,Rural,Y
LP002643,Male,Yes,2,Graduate,No,3283,2035.0,148.0,360.0,1.0,Urban,Y
LP002741,Female,Yes,1,Graduate,No,4608,2845.0,140.0,180.0,1.0,Semiurban,Y
LP002296,Male,No,0,Not Graduate,No,2755,0.0,65.0,300.0,1.0,Rural,N
LP002505,Male,Yes,0,Graduate,No,4333,2451.0,110.0,360.0,1.0,Urban,N
LP001671,Female,Yes,0,Graduate,No,3416,2816.0,113.0,360.0,,Semiurban,Y
LP001972,Male,Yes,,Not Graduate,No,2875,1750.0,105.0,360.0,1.0,Semiurban,Y
LP001131,Male,Yes,0,Graduate,No,3941,2336.0,134.0,360.0,1.0,Semiurban,Y
LP002916,Male,Yes,0,Graduate,No,2297,1522.0,104.0,360.0,1.0,Urban,Y
LP002297,Male,No,0,Graduate,No,2500,20000.0,103.0,360.0,1.0,Semiurban,Y
LP002345,Male,Yes,0,Graduate,No,1025,2773.0,112.0,360.0,1.0,Rural,Y
LP001316,Male,Yes,0,Graduate,No,2958,2900.0,131.0,360.0,1.0,Semiurban,Y
LP001043,Male,Yes,0,Not Graduate,No,7660,0.0,104.0,360.0,0.0,Urban,N
LP002097,Male,No,1,Graduate,No,4384,1793.0,117.0,360.0,1.0,Urban,Y
LP001151,Female,No,0,Graduate,No,4000,2275.0,144.0,360.0,1.0,Semiurban,Y
LP002571,Male,No,0,Not Graduate,No,3691,0.0,110.0,360.0,1.0,Rural,Y
LP001050,,Yes,2,Not Graduate,No,3365,1917.0,112.0,360.0,0.0,Rural,N
LP002281,Male,Yes,0,Graduate,No,3033,1459.0,95.0,360.0,1.0,Urban,Y
LP002368,Male,Yes,2,Graduate,No,5935,0.0,133.0,360.0,1.0,Semiurban,Y
LP002603,Female,No,0,Graduate,No,645,3683.0,113.0,480.0,1.0,Rural,Y
LP002036,Male,Yes,0,Graduate,No,2058,2134.0,88.0,360.0,,Urban,Y
LP001814,Male,Yes,2,Graduate,No,9703,0.0,112.0,360.0,1.0,Urban,Y
LP001841,Male,No,0,Not Graduate,Yes,2583,2167.0,104.0,360.0,1.0,Rural,Y
LP001698,Male,No,0,Not Graduate,No,3975,2531.0,55.0,360.0,1.0,Rural,Y
LP001265,Female,No,0,Graduate,No,3846,0.0,111.0,360.0,1.0,Semiurban,Y
LP002447,Male,Yes,2,Not Graduate,No,1958,1456.0,60.0,300.0,,Urban,Y
LP001146,Female,Yes,0,Graduate,No,2645,3440.0,120.0,360.0,0.0,Urban,N
LP002237,Male,No,1,Graduate,,3667,0.0,113.0,180.0,1.0,Urban,Y
LP002868,Male,Yes,2,Graduate,No,3159,461.0,108.0,84.0,1.0,Urban,Y
LP002863,Male,Yes,3+,Graduate,No,6406,0.0,150.0,360.0,1.0,Semiurban,N
LP002337,Female,No,0,Graduate,No,2995,0.0,60.0,360.0,1.0,Urban,Y
LP002131,Male,Yes,2,Not Graduate,No,3083,2168.0,126.0,360.0,1.0,Urban,Y
LP001073,Male,Yes,2,Not Graduate,No,4226,1040.0,110.0,360.0,1.0,Urban,Y
LP001926,Male,Yes,0,Graduate,No,3704,2000.0,120.0,360.0,1.0,Rural,Y
LP002226,Male,Yes,0,Graduate,,3333,2500.0,128.0,360.0,1.0,Semiurban,Y
LP001385,Male,No,0,Graduate,No,5316,0.0,136.0,360.0,1.0,Urban,Y
LP001634,Male,No,0,Graduate,No,1916,5063.0,67.0,360.0,,Rural,N
LP002407,Female,Yes,0,Not Graduate,Yes,7142,0.0,138.0,360.0,1.0,Rural,Y
LP001144,Male,Yes,0,Graduate,No,5821,0.0,144.0,360.0,1.0,Urban,Y
LP001578,Male,Yes,0,Graduate,No,2439,3333.0,129.0,360.0,1.0,Rural,Y
LP001658,Male,No,0,Graduate,No,3858,0.0,76.0,360.0,1.0,Semiurban,Y
LP002705,Male,Yes,0,Graduate,No,3775,0.0,110.0,360.0,1.0,Semiurban,Y
LP002618,Male,Yes,1,Not Graduate,No,4050,5302.0,138.0,360.0,,Rural,N
LP002035,Male,Yes,2,Graduate,No,3717,0.0,120.0,360.0,1.0,Semiurban,Y
LP001535,Male,No,0,Graduate,No,3254,0.0,50.0,360.0,1.0,Urban,Y
LP002743,Female,No,0,Graduate,No,2138,0.0,99.0,360.0,0.0,Semiurban,N
LP001977,Male,Yes,1,Graduate,No,1625,1803.0,96.0,360.0,1.0,Urban,Y
LP001790,Female,No,1,Graduate,No,3812,0.0,112.0,360.0,1.0,Rural,Y
LP002418,Male,No,3+,Not Graduate,No,4707,1993.0,148.0,360.0,1.0,Semiurban,Y
LP002519,Male,Yes,3+,Graduate,No,4691,0.0,100.0,360.0,1.0,Semiurban,Y
LP001836,Female,No,2,Graduate,No,3427,0.0,138.0,360.0,1.0,Urban,N
LP002098,Male,No,0,Graduate,No,2935,0.0,98.0,360.0,1.0,Semiurban,Y
LP001572,Male,Yes,0,Graduate,No,9323,0.0,75.0,180.0,1.0,Urban,Y
LP002936,Male,Yes,0,Graduate,No,3859,3300.0,142.0,180.0,1.0,Rural,Y
LP001343,Male,Yes,0,Graduate,No,1759,3541.0,131.0,360.0,1.0,Semiurban,Y
LP002362,Male,Yes,1,Graduate,No,7250,1667.0,110.0,,0.0,Urban,N
LP001245,Male,Yes,2,Not Graduate,Yes,1875,1875.0,97.0,360.0,1.0,Semiurban,Y
LP001792,Male,Yes,1,Graduate,No,3315,0.0,96.0,360.0,1.0,Semiurban,Y
LP002263,Male,Yes,0,Graduate,No,2583,2115.0,120.0,360.0,,Urban,Y
LP001238,Male,Yes,3+,Not Graduate,Yes,7100,0.0,125.0,60.0,1.0,Urban,Y
LP001813,Male,No,0,Graduate,Yes,6050,4333.0,120.0,180.0,1.0,Urban,N
LP002670,Female,Yes,2,Graduate,No,2031,1632.0,113.0,480.0,1.0,Semiurban,Y
LP001259,Male,Yes,1,Graduate,Yes,1000,3022.0,110.0,360.0,1.0,Urban,N
LP002494,Male,No,0,Graduate,No,6000,0.0,140.0,360.0,1.0,Rural,Y
LP002453,Male,No,0,Graduate,Yes,7085,0.0,84.0,360.0,1.0,Semiurban,Y
LP001487,Male,No,0,Graduate,No,4895,0.0,102.0,360.0,1.0,Semiurban,Y
LP001720,Male,Yes,3+,Not Graduate,No,3850,983.0,100.0,360.0,1.0,Semiurban,Y
LP002106,Male,Yes,,Graduate,Yes,5503,4490.0,70.0,,1.0,Semiurban,Y
LP002219,Male,Yes,3+,Graduate,No,8750,4996.0,130.0,360.0,1.0,Rural,Y
LP001579,Male,No,0,Graduate,No,2237,0.0,63.0,480.0,0.0,Semiurban,N
LP001008,Male,No,0,Graduate,No,6000,0.0,141.0,360.0,1.0,Urban,Y
LP001908,Female,Yes,0,Not Graduate,No,4100,0.0,124.0,360.0,,Rural,Y
LP002434,Male,Yes,2,Not Graduate,No,4652,0.0,110.0,360.0,1.0,Rural,Y
LP002522,Female,No,0,Graduate,Yes,2500,0.0,93.0,360.0,,Urban,Y
LP002714,Male,No,1,Not Graduate,No,2679,1302.0,94.0,360.0,1.0,Semiurban,Y
LP002178,Male,Yes,0,Graduate,No,3013,3033.0,95.0,300.0,,Urban,Y
LP002223,Male,Yes,0,Graduate,No,4310,0.0,130.0,360.0,,Semiurban,Y
LP001754,Male,Yes,,Not Graduate,Yes,4735,0.0,138.0,360.0,1.0,Urban,N
LP002619,Male,Yes,0,Not Graduate,No,3814,1483.0,124.0,300.0,1.0,Semiurban,Y
LP001047,Male,Yes,0,Not Graduate,No,2600,1911.0,116.0,360.0,0.0,Semiurban,N
LP001811,Male,Yes,0,Not Graduate,No,3406,4417.0,123.0,360.0,1.0,Semiurban,Y
LP001871,Female,No,0,Graduate,No,7200,0.0,120.0,360.0,1.0,Rural,Y
LP001279,Male,No,0,Graduate,No,2366,2531.0,136.0,360.0,1.0,Semiurban,Y
LP002720,Male,Yes,3+,Graduate,No,4281,0.0,100.0,360.0,1.0,Urban,Y
LP001716,Male,Yes,0,Graduate,No,3173,3021.0,137.0,360.0,1.0,Urban,Y
LP002723,Male,No,2,Graduate,No,3588,0.0,110.0,360.0,0.0,Rural,N
LP002144,Female,No,,Graduate,No,3813,0.0,116.0,180.0,1.0,Urban,Y
LP001711,Male,Yes,3+,Graduate,No,3430,1250.0,128.0,360.0,0.0,Semiurban,N
LP002625,,No,0,Graduate,No,3583,0.0,96.0,360.0,1.0,Urban,N
LP001086,Male,No,0,Not Graduate,No,1442,0.0,35.0,360.0,1.0,Urban,N
LP002979,Male,Yes,3+,Graduate,No,4106,0.0,40.0,180.0,1.0,Rural,Y
LP001641,Male,Yes,1,Graduate,Yes,2178,0.0,66.0,300.0,0.0,Rural,N
LP001137,Female,No,0,Graduate,No,3410,0.0,88.0,,1.0,Urban,Y
LP001864,Male,Yes,3+,Not Graduate,No,4931,0.0,128.0,360.0,,Semiurban,N
LP001398,Male,No,0,Graduate,,5050,0.0,118.0,360.0,1.0,Semiurban,Y
LP001819,Male,Yes,1,Not Graduate,No,6608,0.0,137.0,180.0,1.0,Urban,Y
LP002225,Male,Yes,2,Graduate,No,5391,0.0,130.0,360.0,1.0,Urban,Y
LP002287,Female,No,0,Graduate,No,1500,1800.0,103.0,360.0,0.0,Semiurban,N
LP002833,Male,Yes,0,Not Graduate,No,4467,0.0,120.0,360.0,,Rural,Y
LP002151,Male,Yes,1,Graduate,No,3875,0.0,67.0,360.0,1.0,Urban,N
LP002008,Male,Yes,2,Graduate,Yes,5746,0.0,144.0,84.0,,Rural,Y
LP002180,Male,No,0,Graduate,Yes,6822,0.0,141.0,360.0,1.0,Rural,Y
LP002911,Male,Yes,1,Graduate,No,2787,1917.0,146.0,360.0,0.0,Rural,N
LP002435,Male,Yes,0,Graduate,,3539,1376.0,55.0,360.0,1.0,Rural,N
LP002493,Male,No,0,Graduate,No,4166,0.0,98.0,360.0,0.0,Semiurban,N
LP001788,Female,No,0,Graduate,Yes,3463,0.0,122.0,360.0,,Urban,Y
LP001896,Male,Yes,2,Graduate,No,3900,0.0,90.0,360.0,1.0,Semiurban,Y
LP002990,Female,No,0,Graduate,Yes,4583,0.0,133.0,360.0,0.0,Semiurban,N
LP001006,Male,Yes,0,Not Graduate,No,2583,2358.0,120.0,360.0,1.0,Urban,Y
LP001931,Female,No,0,Graduate,No,4124,0.0,115.0,360.0,1.0,Semiurban,Y
LP002586,Female,Yes,1,Graduate,No,3326,913.0,105.0,84.0,1.0,Semiurban,Y
LP001699,Male,No,0,Graduate,No,2479,0.0,59.0,360.0,1.0,Urban,Y
LP001800,Male,Yes,1,Not Graduate,No,2510,1983.0,140.0,180.0,1.0,Urban,N
LP001322,Male,No,0,Graduate,No,4133,0.0,122.0,360.0,1.0,Semiurban,Y
LP002347,Male,Yes,0,Graduate,No,3246,1417.0,138.0,360.0,1.0,Semiurban,Y
LP001546,Male,No,0,Graduate,,2980,2083.0,120.0,360.0,1.0,Rural,Y
LP002768,Male,No,0,Not Graduate,No,3358,0.0,80.0,36.0,1.0,Semiurban,N
LP002051,Male,Yes,0,Graduate,No,2400,2167.0,115.0,360.0,1.0,Semiurban,Y
LP002031,Male,Yes,1,Not Graduate,No,3399,1640.0,111.0,180.0,1.0,Urban,Y
LP002732,Male,No,0,Not Graduate,,2550,2042.0,126.0,360.0,1.0,Rural,Y
LP001693,Female,No,0,Graduate,No,3244,0.0,80.0,360.0,1.0,Urban,Y
LP001119,Male,No,0,Graduate,No,3600,0.0,80.0,360.0,1.0,Urban,N
LP001586,Male,Yes,3+,Not Graduate,No,3522,0.0,81.0,180.0,1.0,Rural,N
LP002776,Female,No,0,Graduate,No,5000,0.0,103.0,360.0,0.0,Semiurban,N
LP001473,Male,No,0,Graduate,No,2014,1929.0,74.0,360.0,1.0,Urban,Y
LP002545,Male,No,2,Graduate,No,3547,0.0,80.0,360.0,0.0,Rural,N
LP002188,Male,No,0,Graduate,No,5124,0.0,124.0,,0.0,Rural,N
LP002357,Female,No,0,Not Graduate,No,2720,0.0,80.0,,0.0,Urban,N
LP002318,Female,No,1,Not Graduate,Yes,3867,0.0,62.0,360.0,1.0,Semiurban,N
LP002716,Male,No,0,Not Graduate,No,6783,0.0,130.0,360.0,1.0,Semiurban,Y
LP001653,Male,No,0,Not Graduate,No,4885,0.0,48.0,360.0,1.0,Rural,Y
LP001518,Male,Yes,1,Graduate,No,1538,1425.0,30.0,360.0,1.0,Urban,Y
LP001116,Male,No,0,Not Graduate,No,3748,1668.0,110.0,360.0,1.0,Semiurban,Y
LP001005,Male,Yes,0,Graduate,Yes,3000,0.0,66.0,360.0,1.0,Urban,Y
LP002116,Female,No,0,Graduate,No,2378,0.0,46.0,360.0,1.0,Rural,N
LP001722,Male,Yes,0,Graduate,No,150,1800.0,135.0,360.0,1.0,Rural,N
LP001228,Male,No,0,Not Graduate,No,3200,2254.0,126.0,180.0,0.0,Urban,N
LP001940,Male,Yes,2,Graduate,No,3153,1560.0,134.0,360.0,1.0,Urban,Y
LP002588,Male,Yes,0,Graduate,No,4625,2857.0,111.0,12.0,,Urban,Y
