Loan_ID,Gender,Married,Dependents,Education,Self_Employed,ApplicantIncome,CoapplicantIncome,LoanAmount,Loan_Amount_Term,Credit_History,Property_Area,Loan_Status
LP002272,Male,Yes,2,Graduate,No,3276,484.0,135.0,360.0,,Semiurban,Y
LP001473,Male,No,0,Graduate,No,2014,1929.0,74.0,360.0,1.0,Urban,Y
LP002053,Male,Yes,3+,Graduate,No,4342,189.0,124.0,360.0,1.0,Semiurban,Y
LP001579,Male,No,0,Graduate,No,2237,0.0,63.0,480.0,0.0,Semiurban,N
LP001699,Male,No,0,Graduate,No,2479,0.0,59.0,360.0,1.0,Urban,Y
LP001841,Male,No,0,Not Graduate,Yes,2583,2167.0,104.0,360.0,1.0,Rural,Y
LP002144,Female,No,,Graduate,No,3813,0.0,116.0,180.0,1.0,Urban,Y
LP002522,Female,No,0,Graduate,Yes,2500,0.0,93.0,360.0,,Urban,Y
LP002051,Male,Yes,0,Graduate,No,2400,2167.0,115.0,360.0,1.0,Semiurban,Y
LP001702,Male,No,0,Graduate,No,3418,0.0,127.0,360.0,1.0,Semiurban,N
LP002361,Male,Yes,0,Graduate,No,1820,1719.0,100.0,360.0,1.0,Urban,Y
LP002732,Male,No,0,Not Graduate,,2550,2042.0,126.0,360.0,1.0,Rural,Y
LP002143,Female,Yes,0,Graduate,No,2423,505.0,130.0,360.0,1.0,Semiurban,Y
LP002314,Female,No,0,Not Graduate,No,2213,0.0,66.0,360.0,1.0,Rural,Y
LP002239,Male,No,0,Not Graduate,No,2346,1600.0,132.0,360.0,1.0,Semiurban,Y
LP002055,Female,No,0,Graduate,No,3166,2985.0,132.0,360.0,,Rural,Y
LP001925,Female,No,0,Graduate,Yes,2600,1717.0,99.0,300.0,1.0,Semiurban,N
LP001669,Female,No,0,Not Graduate,No,1907,2365.0,120.0,,1.0,Urban,Y
LP001029,Male,No,0,Graduate,No,1853,2840.0,114.0,360.0,1.0,Rural,N
LP001671,Female,Yes,0,Graduate,No,3416,2816.0,113.0,360.0,,Semiurban,Y
LP001788,Female,No,0,Graduate,Yes,3463,0.0,122.0,360.0,,Urban,Y
LP002739,Male,Yes,0,Not Graduate,No,2917,536.0,66.0,360.0,1.0,Rural,N
LP001630,Male,No,0,Not Graduate,No,2333,1451.0,102.0,480.0,0.0,Urban,N
LP002347,Male,Yes,0,Graduate,No,3246,1417.0,138.0,360.0,1.0,Semiurban,Y
LP001811,Male,Yes,0,Not Graduate,No,3406,4417.0,123.0,360.0,1.0,Semiurban,Y
LP001900,Male,Yes,1,Graduate,No,2750,1842.0,115.0,360.0,1.0,Semiurban,Y
LP001032,Male,No,0,Graduate,No,4950,0.0,125.0,360.0,1.0,Urban,Y
LP001743,Male,Yes,2,Graduate,No,4009,1717.0,116.0,360.0,1.0,Semiurban,Y
LP002348,Male,Yes,0,Graduate,No,5829,0.0,138.0,360.0,1.0,Rural,Y
LP001560,Male,Yes,0,Not Graduate,No,1863,1041.0,98.0,360.0,1.0,Semiurban,Y
LP002690,Male,No,0,Graduate,No,2500,0.0,55.0,360.0,1.0,Semiurban,Y
LP002833,Male,Yes,0,Not Graduate,No,4467,0.0,120.0,360.0,,Rural,Y
LP002768,Male,No,0,Not Graduate,No,3358,0.0,80.0,36.0,1.0,Semiurban,N
LP002366,Male,Yes,0,Graduate,No,2666,4300.0,121.0,360.0,1.0,Rural,Y
LP002837,Male,Yes,3+,Graduate,No,3400,2500.0,123.0,360.0,0.0,Rural,N
LP002418,Male,No,3+,Not Graduate,No,4707,1993.0,148.0,360.0,1.0,Semiurban,Y
LP001924,Male,No,0,Graduate,No,3158,3053.0,89.0,360.0,1.0,Rural,Y
LP001327,Female,Yes,0,Graduate,No,2484,2302.0,137.0,360.0,1.0,Semiurban,Y
LP002868,Male,Yes,2,Graduate,No,3159,461.0,108.0,84.0,1.0,Urban,Y
LP002990,Female,No,0,Graduate,Yes,4583,0.0,133.0,360.0,0.0,Semiurban,N
LP002448,Male,Yes,0,Graduate,No,3948,1733.0,149.0,360.0,0.0,Rural,N
LP002002,Female,No,0,Graduate,No,2917,0.0,84.0,360.0,1.0,Semiurban,Y
LP002978,Female,No,0,Graduate,No,2900,0.0,71.0,360.0,1.0,Rural,Y
LP001068,Male,Yes,0,Graduate,No,2799,2253.0,122.0,360.0,1.0,Semiurban,Y
LP001974,Female,No,0,Graduate,No,5000,0.0,132.0,360.0,1.0,Rural,Y
LP002031,Male,Yes,1,Not Graduate,No,3399,1640.0,111.0,180.0,1.0,Urban,Y
LP001259,Male,Yes,1,Graduate,Yes,1000,3022.0,110.0,360.0,1.0,Urban,N
LP002753,Female,No,1,Graduate,,3652,0.0,95.0,360.0,1.0,Semiurban,Y
LP001279,Male,No,0,Graduate,No,2366,2531.0,136.0,360.0,1.0,Semiurban,Y
LP001275,Male,Yes,1,Graduate,No,3988,0.0,50.0,240.0,1.0,Urban,Y
LP001255,Male,No,0,Graduate,No,3750,0.0,113.0,480.0,1.0,Urban,N
LP002586,Female,Yes,1,Graduate,No,3326,913.0,105.0,84.0,1.0,Semiurban,Y
LP001715,Male,Yes,3+,Not Graduate,Yes,5703,0.0,130.0,360.0,1.0,Rural,Y
LP002545,Male,No,2,Graduate,No,3547,0.0,80.0,360.0,0.0,Rural,N
LP001565,Male,Yes,1,Graduate,No,3089,1280.0,121.0,360.0,0.0,Semiurban,N
LP002305,Female,No,0,Graduate,No,4547,0.0,115.0,360.0,1.0,Semiurban,Y
LP001864,Male,Yes,3+,Not Graduate,No,4931,0.0,128.0,360.0,,Semiurban,N
LP001720,Male,Yes,3+,Not Graduate,No,3850,983.0,100.0,360.0,1.0,Semiurban,Y
LP001322,Male,No,0,Graduate,No,4133,0.0,122.0,360.0,1.0,Semiurban,Y
LP002743,Female,No,0,Graduate,No,2138,0.0,99.0,360.0,0.0,Semiurban,N
LP001027,Male,Yes,2,Graduate,,2500,1840.0,109.0,360.0,1.0,Urban,Y
LP001206,Male,Yes,3+,Graduate,No,3029,0.0,99.0,360.0,1.0,Urban,Y
LP002928,Male,Yes,0,Graduate,No,3000,3416.0,56.0,180.0,1.0,Semiurban,Y
LP001073,Male,Yes,2,Not Graduate,No,4226,1040.0,110.0,360.0,1.0,Urban,Y
LP002369,Male,Yes,0,Graduate,No,2920,16.12000084,87.0,360.0,1.0,Rural,Y
LP001478,Male,No,0,Graduate,No,2718,0.0,70.0,360.0,1.0,Semiurban,Y
LP002517,Male,Yes,1,Not Graduate,No,2653,1500.0,113.0,180.0,0.0,Rural,N
LP001151,Female,No,0,Graduate,No,4000,2275.0,144.0,360.0,1.0,Semiurban,Y
LP001520,Male,Yes,0,Graduate,No,4860,830.0,125.0,360.0,1.0,Semiurban,Y
LP001732,Male,Yes,2,Graduate,,5000,0.0,72.0,360.0,0.0,Semiurban,N
LP001577,Female,Yes,0,Graduate,No,4583,0.0,112.0,360.0,1.0,Rural,N
LP002211,Male,Yes,0,Graduate,No,4817,923.0,120.0,180.0,1.0,Urban,Y
LP001532,Male,Yes,2,Not Graduate,No,2281,0.0,113.0,360.0,1.0,Rural,N
LP002772,Male,No,0,Graduate,No,2526,1783.0,145.0,360.0,1.0,Rural,Y
LP002505,Male,Yes,0,Graduate,No,4333,2451.0,110.0,360.0,1.0,Urban,N
LP002682,Male,Yes,,Not Graduate,No,3074,1800.0,123.0,360.0,0.0,Semiurban,N
LP001603,Male,Yes,0,Not Graduate,Yes,4344,736.0,87.0,360.0,1.0,Semiurban,N
